{"schemaVersion":"1.0","appDefinitionTemplate":{"id":"/providers/Microsoft.PowerApps/apps/","type":"Microsoft.PowerApps/apps","tags":{"primaryDeviceWidth":"1919","primaryDeviceHeight":"830","supportsPortrait":"true","supportsLandscape":"true","primaryFormFactor":"Tablet","showStatusBar":"false","publisherVersion":"3.24123.6","minimumRequiredApiVersion":"2.2.0","hasComponent":"true","hasUnlockedComponent":"true","isUnifiedRootApp":"false","sienaVersion":"20241217T115409Z-3.24123.6.0","coauthoringEnabled":"true","multipleWritersEnabled":"true","acceptedCoauthoringTerms":"true"},"properties":{"appVersion":"2024-12-17T11:54:09Z","lifeCycleId":"Published","createdByClientVersion":{"major":3,"minor":24123,"build":6,"revision":0,"majorRevision":0,"minorRevision":0},"minClientVersion":{"major":3,"minor":24123,"build":6,"revision":0,"majorRevision":0,"minorRevision":0},"backgroundColor":"rgba(242, 242, 242, 1)","backgroundImageUri":"/3631881134218432630/N08141557-02ec-454b-a11a-486f166c1b43-logoSmallFile","displayName":"Recruiting","description":"Crear una PowerApp de uso interno para mejorar el proceso de selección de personal (recruiting).","commitMessage":"","appUris":{"documentUri":{"value":"/3631881134218432630/N97c6677d-f356-492e-8f45-377de767a950-document.msapp"},"imageUris":[],"additionalUris":[{"isSolutionAware":false,"value":"/3631881134218432630/N4572726b-d88a-4288-8b89-f762aa23d400-identity.json"}]},"createdTime":"0001-01-01T00:00:00Z","lastModifiedTime":"0001-01-01T00:00:00Z","sharedGroupsCount":0,"sharedUsersCount":0,"connectionReferences":{"ae9da11f-1c3a-4c78-a931-6059fe9cef53":{"id":"8b615cf9-4c92-41dc-a381-83d27380cc97","displayName":"Usuarios de Office 365","iconUri":"https://connectoricons-prod.azureedge.net/releases/v1.0.1718/1.0.1718.3951/office365users/icon.png","dataSources":["UsuariosdeOffice365"],"dependencies":[],"dependents":[],"parameterHints":{},"parameterHintsV2":{},"isOnPremiseConnection":false,"bypassConsent":false,"dataSets":{},"apiTier":"Standard","isCustomApiConnection":false,"actions":["MyProfile_V2","SearchUser","UserPhoto_V2"]},"1d08164d-eff3-4234-9844-069e480336e6":{"id":"267ecf09-c42c-4534-9d45-965d68b36259","displayName":"Grupos de Office 365","iconUri":"https://connectoricons-prod.azureedge.net/releases/v1.0.1681/1.0.1681.3663/office365groups/icon.png","dataSources":["GruposdeOffice365"],"dependencies":[],"dependents":[],"parameterHints":{},"parameterHintsV2":{},"isOnPremiseConnection":false,"bypassConsent":false,"dataSets":{},"apiTier":"Standard","isCustomApiConnection":false,"actions":["ListGroups","ListGroupMembers"]},"306bc727-0b5b-4622-9348-f609a6462d2e":{"id":"37ab0806-f562-444c-a036-5835e0740e1c","displayName":"Flujos lógicos","iconUri":"https://connectoricons-prod.azureedge.net/releases/v1.0.1719/1.0.1719.3955/logicflows/icon.png","dataSources":["Evaluacion-OfertaCandidato"],"dependencies":["b5ca5de2-537f-4717-86ae-274f19cc8036"],"dependents":[],"parameterHints":{"workflowName":{"value":"40735a9b-3567-4011-a18a-7e874d0522ce"},"workflowEntityId":{},"workflowDisplayName":{"value":"Evaluacion - Oferta Candidato"},"b5ca5de2-537f-4717-86ae-274f19cc8036":{"value":"shared_office365-1"}},"parameterHintsV2":{"workflowName":{"value":"40735a9b-3567-4011-a18a-7e874d0522ce"},"workflowEntityId":{},"workflowDisplayName":{"value":"Evaluacion - Oferta Candidato"},"shared_office365-1":{"value":"b5ca5de2-537f-4717-86ae-274f19cc8036"}},"isOnPremiseConnection":false,"bypassConsent":false,"dataSets":{},"apiTier":"Standard","isCustomApiConnection":false,"actions":["Run"],"nestedActions":[{"id":"/providers/Microsoft.PowerApps/apis/shared_office365/apiOperations/SendEmailV2","flowConnectionRef":"shared_office365-1","apiName":"Office 365 Outlook","actionName":"SendEmailV2","referencedResources":[]}]},"b5ca5de2-537f-4717-86ae-274f19cc8036":{"id":"45af3f5e-0986-4857-8263-02e766a06367","displayName":"Office 365 Outlook","iconUri":"https://connectoricons-prod.azureedge.net/releases/v1.0.1722/1.0.1722.3975/office365/icon.png","dataSources":[],"dependencies":[],"dependents":["306bc727-0b5b-4622-9348-f609a6462d2e"],"parameterHints":{},"parameterHintsV2":{},"isOnPremiseConnection":false,"bypassConsent":false,"dataSets":{},"apiTier":"Standard","isCustomApiConnection":false}},"databaseReferences":{"default.cds":{"databaseDetails":{"referenceType":"Environmental","environmentName":"default.cds","overrideValues":{"status":"NotSpecified","environmentVariableName":""}},"dataSources":{"Proceso de Selección":{"entitySetName":"cr085_procesodeseleccions","logicalName":"cr085_procesodeseleccion","isHidden":false},"Usuarios":{"entitySetName":"systemusers","logicalName":"systemuser","isHidden":false},"Candidatos":{"entitySetName":"cr085_candidato1s","logicalName":"cr085_candidato1","isHidden":false},"Divisas":{"entitySetName":"transactioncurrencies","logicalName":"transactioncurrency","isHidden":false}},"actions":["providers/PowerPlatform.Governance/Operations/Read","providers/PowerPlatform.Governance/Operations/Write"]}},"almMode":"Solution","performanceOptimizationEnabled":false,"canConsumeAppPass":false,"enableModernRuntimeMode":false,"executionRestrictions":{"isTeamsOnly":false,"dataLossPreventionEvaluationResult":{"status":"Compliant","lastEvaluationDate":"2024-12-17T11:54:16.9709771Z","violations":[],"violationsByPolicy":[],"violationErrorMessage":"La aplicación usa los siguientes conectores: shared_office365users, shared_office365groups, shared_logicflows, shared_office365, shared_commondataservice."},"httpActionRestriction":{"appUsesSharepointHttpAction":false,"enforcementStrategy":"Legacy","evaluationTime":"2024-12-17T11:54:16.9708713Z"}}},"isAppComponentLibrary":false,"appType":"ClassicCanvasApp","appComponents":[]}}