{"name":"6c2ee24c-18c1-43d3-8663-d6e2a3f1c49f","id":"/providers/Microsoft.Flow/flows/6c2ee24c-18c1-43d3-8663-d6e2a3f1c49f","type":"Microsoft.Flow/flows","properties":{"apiId":"/providers/Microsoft.PowerApps/apis/shared_logicflows","displayName":"Evaluacion - Oferta Candidato","definition":{"metadata":{"workflowEntityId":null,"processAdvisorMetadata":null,"flowChargedByPaygo":null,"flowclientsuspensionreason":"None","flowclientsuspensiontime":null,"flowclientsuspensionreasondetails":null,"creator":{"id":"2bb0808c-1439-4ccd-88e3-2b3976317b71","type":"User","tenantId":"8752819d-7f02-40de-8e01-4f3acdad1844"},"provisioningMethod":"FromDefinition","failureAlertSubscription":true,"clientLastModifiedTime":"2024-12-11T12:46:58.3736833Z","connectionKeySavedTimeKey":"2024-12-11T12:46:58.3736833Z"},"$schema":"https://schema.management.azure.com/providers/Microsoft.Logic/schemas/2016-06-01/workflowdefinition.json#","contentVersion":"undefined","parameters":{"$authentication":{"defaultValue":{},"type":"SecureObject"},"$connections":{"defaultValue":{},"type":"Object"}},"triggers":{"manual":{"type":"Request","kind":"PowerAppV2","inputs":{"schema":{"type":"object","properties":{"text":{"description":"","title":"Nombre","type":"string","x-ms-content-hint":"TEXT","x-ms-dynamically-added":true},"text_1":{"description":"","title":"Apellidos","type":"string","x-ms-content-hint":"TEXT","x-ms-dynamically-added":true},"number":{"description":"","title":"Salario Propuesto","type":"number","x-ms-content-hint":"NUMBER","x-ms-dynamically-added":true},"text_3":{"description":"","title":"Bonus","type":"string","x-ms-content-hint":"TEXT","x-ms-dynamically-added":true},"text_4":{"description":"Escribir entrada","title":"Fecha de incorporación deseada","type":"string","x-ms-content-hint":"TEXT","x-ms-dynamically-added":true}},"required":["text","text_1","number","text_3","text_4"]}},"conditions":[]}},"actions":{"Enviar_correo_electrónico_(V2)":{"runAfter":{},"type":"OpenApiConnection","inputs":{"parameters":{"emailMessage/To":"robert.rodriguez@onizea.com","emailMessage/Subject":"Oferta a Candidato.","emailMessage/Body":"<p class=\"editor-paragraph\"><b><strong class=\"editor-text-bold\">Nombre</strong></b>: @{triggerBody()?['text']}<br><b><strong class=\"editor-text-bold\">Apellidos</strong></b>: @{triggerBody()?['text_1']}<br><b><strong class=\"editor-text-bold\">Salario</strong></b>: @{triggerBody()?['number']}€<br><b><strong class=\"editor-text-bold\">Bonus</strong></b>: @{triggerBody()?['text_3']}<br><b><strong class=\"editor-text-bold\">Fecha de incorporación deseada</strong></b>: @{triggerBody()?['text_4']}</p>","emailMessage/Importance":"Normal"},"host":{"apiId":"/providers/Microsoft.PowerApps/apis/shared_office365","connectionName":"shared_office365-1","operationId":"SendEmailV2"},"authentication":{"value":"@json(decodeBase64(triggerOutputs().headers['X-MS-APIM-Tokens']))['$ConnectionKey']","type":"Raw"}},"description":"Habrá que cambiar el correo a rrhh@onizea.com"}}},"connectionReferences":{"shared_office365-1":{"connectionName":"cdce36e71f41436d9cd4c1840b275d6f","source":"Invoker","id":"/providers/Microsoft.PowerApps/apis/shared_office365","tier":"NotSpecified","apiName":"office365"}},"flowFailureAlertSubscribed":false,"isManaged":false}}